{"epoch": 49, "loss_d": 0.031173894181847572, "loss_g": 7.6454620361328125, "d_x": 0.982620894908905, "d_g_z1": 0.005734866484999657, "d_g_z2": 0.0010031925048679113, "_timestamp": 1704020976.4652593, "_runtime": 1476.8649072647095, "_step": 2399, "_wandb": {"runtime": 1476}}