{"epoch": 49, "loss_d": 0.038282185792922974, "loss_g": 7.23650598526001, "d_x": 0.9779295325279236, "d_g_z1": 0.002867074916139245, "d_g_z2": 0.0009729468147270381, "_timestamp": 1704020528.4350352, "_runtime": 1419.3079853057861, "_step": 2399, "_wandb": {"runtime": 1418}}