{"epoch": 49, "loss_d": 0.0043203746899962425, "loss_g": 9.914356231689453, "d_x": 0.9992140531539917, "d_g_z1": 0.003375091589987278, "d_g_z2": 0.00032148166792467237, "_timestamp": 1704020942.0084734, "_runtime": 1457.7713685035706, "_step": 2399, "_wandb": {"runtime": 1457}}