{"epoch": 49, "loss_d": 0.024524062871932983, "loss_g": 7.99091100692749, "d_x": 0.9889830350875854, "d_g_z1": 0.009806586429476738, "d_g_z2": 0.0012047459604218602, "_timestamp": 1704020457.496599, "_runtime": 1397.4667789936066, "_step": 2399, "_wandb": {"runtime": 1396}}