{"epoch": 42, "loss_d": 0.44380104541778564, "loss_g": 2.601407527923584, "d_x": 0.8168120980262756, "d_g_z1": 0.1914660632610321, "d_g_z2": 0.09617246687412262, "_timestamp": 1704021206.3625152, "_runtime": 1197.1429982185364, "_step": 2031}