{"epoch": 41, "loss_d": 0.9393674731254578, "loss_g": 2.4436707496643066, "d_x": 0.7354596853256226, "d_g_z1": 0.414015531539917, "d_g_z2": 0.11624005436897278, "_timestamp": 1704021206.642979, "_runtime": 1195.9900000095367, "_step": 1980}